"","correction_type","mean_err","quant_025","quant_975","ic_range","sd"
"1","length.corrected.0",-0.546828043606508,-1.23223036503318,0.159630194269043,1.39186055930222,0.379615463127825
"2","length.corrected.nh",0.0150633350225869,-0.646323348962109,0.741906852569391,1.3882302015315,0.379337420275859
"3","length.corrected.rand",0.00529621064691183,-0.613711015938852,0.589675967665075,1.20338698360393,0.327566554196575
"4","length.corrected.rand.int",0.00981357269504065,-0.68733622153739,0.69666435162225,1.38400057315964,0.363033384236342
