"Parameter","Value"
"fmax",0.194500476157061
"mmax",0.531738029614933
"fr",0.60786426542558
"mr",0.0638312482986973
