"Parameter","Value"
"fr",0.60786426542558
"fmax",0.194500476157061
"mr",0.0638312482986973
"mmax",0.531738029614933
"mr_l",0.00762820721105627
