"Parameter","Value"
"max_ratio_F",0.194500477561536
"max_ratio_M",0.531734322000559
"growth_rate_F",0.607864220741744
"growth_rate_M",0.0638318066741764
